-- phpMyAdmin SQL Dump
-- version 5.2.0
-- https://www.phpmyadmin.net/
--
-- Host: 127.0.0.1
-- Waktu pembuatan: 13 Nov 2022 pada 16.12
-- Versi server: 10.4.24-MariaDB
-- Versi PHP: 8.1.6

SET SQL_MODE = "NO_AUTO_VALUE_ON_ZERO";
START TRANSACTION;
SET time_zone = "+00:00";


/*!40101 SET @OLD_CHARACTER_SET_CLIENT=@@CHARACTER_SET_CLIENT */;
/*!40101 SET @OLD_CHARACTER_SET_RESULTS=@@CHARACTER_SET_RESULTS */;
/*!40101 SET @OLD_COLLATION_CONNECTION=@@COLLATION_CONNECTION */;
/*!40101 SET NAMES utf8mb4 */;

--
-- Database: `db_skyresto`
--

-- --------------------------------------------------------

--
-- Struktur dari tabel `barang`
--

CREATE TABLE `barang` (
  `id` int(11) NOT NULL,
  `nama_barang` varchar(255) NOT NULL,
  `stock` varchar(255) NOT NULL
) ENGINE=InnoDB DEFAULT CHARSET=utf8mb4;

--
-- Dumping data untuk tabel `barang`
--

INSERT INTO `barang` (`id`, `nama_barang`, `stock`) VALUES
(1, '', ''),
(2, 'Sendok Plastik', '5'),
(3, 'Garpu Plastik', '5');

-- --------------------------------------------------------

--
-- Struktur dari tabel `karyawan`
--

CREATE TABLE `karyawan` (
  `id` int(11) NOT NULL,
  `id_karyawan` varchar(255) NOT NULL,
  `nama` varchar(255) NOT NULL,
  `jenkel` varchar(255) NOT NULL,
  `nohp` varchar(255) NOT NULL,
  `alamat` varchar(255) NOT NULL,
  `status` varchar(255) NOT NULL
) ENGINE=InnoDB DEFAULT CHARSET=utf8mb4;

--
-- Dumping data untuk tabel `karyawan`
--

INSERT INTO `karyawan` (`id`, `id_karyawan`, `nama`, `jenkel`, `nohp`, `alamat`, `status`) VALUES
(1, '1', 'Riki D', 'Laki-Laki', '085123123123', 'Kopeng Krajan, Kopeng, Getasan, Semarang', 'Kasir'),
(2, '2', 'Bima Kembo', 'Sleker, Kopeng, Getasan, Semarang', '085123123120', 'Sleker, Kopeng, Getasan, Semarang', 'Dapur'),
(3, '3', 'Andika', 'Laki-Laki', '085123123124', 'Sleker, Kopeng, Getasan, Semarang', 'Kasir'),
(4, '4', 'Lilis', 'Perempuan', '085123123123', 'Kopeng Krajan, Kopeng, Getasan, Semarang', 'Dapur'),
(5, '5', 'Desta', 'Perempuan', '085123123129', 'Sleker, Kopeng, Getasan, Semarang', 'Kasir');

-- --------------------------------------------------------

--
-- Struktur dari tabel `kategori`
--

CREATE TABLE `kategori` (
  `id_kategori` int(11) NOT NULL,
  `nama_kategori` varchar(255) NOT NULL
) ENGINE=InnoDB DEFAULT CHARSET=utf8mb4;

--
-- Dumping data untuk tabel `kategori`
--

INSERT INTO `kategori` (`id_kategori`, `nama_kategori`) VALUES
(1, 'Makan Berat'),
(2, 'Snack'),
(3, 'Minuman');

-- --------------------------------------------------------

--
-- Struktur dari tabel `login`
--

CREATE TABLE `login` (
  `id_login` int(11) NOT NULL,
  `nama` varchar(255) NOT NULL,
  `user` varchar(255) NOT NULL,
  `password` char(32) NOT NULL,
  `level` varchar(255) NOT NULL
) ENGINE=InnoDB DEFAULT CHARSET=utf8mb4;

--
-- Dumping data untuk tabel `login`
--

INSERT INTO `login` (`id_login`, `nama`, `user`, `password`, `level`) VALUES
(1, '', 'admin', 'admin', 'admin'),
(2, '', 'dedi', 'asd', '2');

-- --------------------------------------------------------

--
-- Struktur dari tabel `pengeluaran`
--

CREATE TABLE `pengeluaran` (
  `id` int(11) NOT NULL,
  `tgl` varchar(255) NOT NULL,
  `nama_barang` varchar(255) NOT NULL,
  `jumlah` varchar(255) NOT NULL,
  `harga` varchar(255) NOT NULL,
  `total` varchar(255) NOT NULL
) ENGINE=InnoDB DEFAULT CHARSET=utf8mb4;

--
-- Dumping data untuk tabel `pengeluaran`
--

INSERT INTO `pengeluaran` (`id`, `tgl`, `nama_barang`, `jumlah`, `harga`, `total`) VALUES
(1, '07112022', 'Sendok', '10', '150', '1500'),
(2, '9 November 2022, 18:27', 'Sunlight', '2', '5000', '10000'),
(3, '10 November 2022, 11:30', 'Air Mineral botol 330ml', '5', '25000', '-24995');

-- --------------------------------------------------------

--
-- Struktur dari tabel `penjualan`
--

CREATE TABLE `penjualan` (
  `id` int(11) NOT NULL,
  `a_n` varchar(255) NOT NULL,
  `nama_produk` varchar(255) NOT NULL,
  `total` varchar(255) NOT NULL,
  `jumlah_uang` varchar(255) NOT NULL,
  `kembalian` varchar(255) NOT NULL,
  `waktu` varchar(255) NOT NULL
) ENGINE=InnoDB DEFAULT CHARSET=utf8mb4;

-- --------------------------------------------------------

--
-- Struktur dari tabel `produk`
--

CREATE TABLE `produk` (
  `id` int(11) NOT NULL,
  `id_kategori` varchar(255) NOT NULL,
  `nama` varchar(255) NOT NULL,
  `harga` varchar(255) NOT NULL
) ENGINE=InnoDB DEFAULT CHARSET=utf8mb4;

--
-- Dumping data untuk tabel `produk`
--

INSERT INTO `produk` (`id`, `id_kategori`, `nama`, `harga`) VALUES
(1, '1', 'Paket Ayam Pedas', '60000'),
(2, '1', 'Paket Ayam Manis', '60000'),
(3, '1', 'Paket Beef Rice Bowl', '60000'),
(4, '1', 'Paket Ayam Krispi', '60000'),
(5, '2', 'Cireng', '15000'),
(6, '2', 'Kentang Goreng', '20000'),
(7, '3', 'Coklat Panas', '15000'),
(8, '3', 'Teh', '7000'),
(9, '3', 'Teh Botol Sosro', '10000'),
(10, '2', 'Treetop Cemil', '22000');

--
-- Indexes for dumped tables
--

--
-- Indeks untuk tabel `barang`
--
ALTER TABLE `barang`
  ADD PRIMARY KEY (`id`),
  ADD UNIQUE KEY `id` (`id`);

--
-- Indeks untuk tabel `karyawan`
--
ALTER TABLE `karyawan`
  ADD PRIMARY KEY (`id`);

--
-- Indeks untuk tabel `kategori`
--
ALTER TABLE `kategori`
  ADD PRIMARY KEY (`id_kategori`);

--
-- Indeks untuk tabel `login`
--
ALTER TABLE `login`
  ADD PRIMARY KEY (`id_login`);

--
-- Indeks untuk tabel `pengeluaran`
--
ALTER TABLE `pengeluaran`
  ADD PRIMARY KEY (`id`);

--
-- Indeks untuk tabel `penjualan`
--
ALTER TABLE `penjualan`
  ADD PRIMARY KEY (`id`);

--
-- Indeks untuk tabel `produk`
--
ALTER TABLE `produk`
  ADD PRIMARY KEY (`id`);

--
-- AUTO_INCREMENT untuk tabel yang dibuang
--

--
-- AUTO_INCREMENT untuk tabel `barang`
--
ALTER TABLE `barang`
  MODIFY `id` int(11) NOT NULL AUTO_INCREMENT, AUTO_INCREMENT=4;

--
-- AUTO_INCREMENT untuk tabel `karyawan`
--
ALTER TABLE `karyawan`
  MODIFY `id` int(11) NOT NULL AUTO_INCREMENT, AUTO_INCREMENT=7;

--
-- AUTO_INCREMENT untuk tabel `kategori`
--
ALTER TABLE `kategori`
  MODIFY `id_kategori` int(11) NOT NULL AUTO_INCREMENT, AUTO_INCREMENT=4;

--
-- AUTO_INCREMENT untuk tabel `login`
--
ALTER TABLE `login`
  MODIFY `id_login` int(11) NOT NULL AUTO_INCREMENT, AUTO_INCREMENT=3;

--
-- AUTO_INCREMENT untuk tabel `pengeluaran`
--
ALTER TABLE `pengeluaran`
  MODIFY `id` int(11) NOT NULL AUTO_INCREMENT, AUTO_INCREMENT=4;

--
-- AUTO_INCREMENT untuk tabel `penjualan`
--
ALTER TABLE `penjualan`
  MODIFY `id` int(11) NOT NULL AUTO_INCREMENT;

--
-- AUTO_INCREMENT untuk tabel `produk`
--
ALTER TABLE `produk`
  MODIFY `id` int(11) NOT NULL AUTO_INCREMENT, AUTO_INCREMENT=11;
COMMIT;

/*!40101 SET CHARACTER_SET_CLIENT=@OLD_CHARACTER_SET_CLIENT */;
/*!40101 SET CHARACTER_SET_RESULTS=@OLD_CHARACTER_SET_RESULTS */;
/*!40101 SET COLLATION_CONNECTION=@OLD_COLLATION_CONNECTION */;
